Hour,Occupancy
14,870.9148622047244
13,859.265977443609
12,849.285930408472
15,811.0834155972359
11,805.3902200488998
